{
  "parts": [
    {
      "id": "part-washer",
      "name": "Regression-washer",
      "kind": "mechanical",
      "dimensions_mm": {
        "outer_diameter": 16.0,
        "inner_diameter": 8.4,
        "thickness": 1.6
      },
      "transform_mm": {
        "x": 0.0,
        "y": 0.0,
        "z": 0.0
      },
      "bbox_mm": {
        "x": 16.0,
        "y": 16.0,
        "z": 1.6
      },
      "kernel_metrics": {
        "material": "steel",
        "density_kg_m3": 7850.0,
        "volume_mm3": 233.03077667267644,
        "surface_area_mm2": 413.93624803699095,
        "mass_proxy_kg": 0.0018292915968805101,
        "bbox_fill_ratio": 0.5689227946110265,
        "thin_wall_proxy_mm": 1.1259259259259262,
        "inertia_proxy_kg_m2": {
          "ix": 3.941513627411872e-08,
          "iy": 3.941513627411872e-08,
          "iz": 7.804977480023509e-08
        },
        "center_mm": {
          "x": 0.0,
          "y": 0.0,
          "z": 0.8
        }
      },
      "feature_report": {
        "requested": 0,
        "applied": [],
        "failed": []
      }
    }
  ]
}