{
  "parts": [
    {
      "id": "part-dowel_pin",
      "name": "Regression-dowel_pin",
      "kind": "mechanical",
      "dimensions_mm": {
        "diameter": 8.0,
        "length": 20.0
      },
      "transform_mm": {
        "x": 0.0,
        "y": 0.0,
        "z": 0.0
      },
      "bbox_mm": {
        "x": 8.0,
        "y": 8.0,
        "z": 20.0
      },
      "kernel_metrics": {
        "material": "steel",
        "density_kg_m3": 7850.0,
        "volume_mm3": 1005.3096491487335,
        "surface_area_mm2": 603.1857894892402,
        "mass_proxy_kg": 0.007891680745817559,
        "bbox_fill_ratio": 0.7853981633974481,
        "thin_wall_proxy_mm": 3.333333333333333,
        "inertia_proxy_kg_m2": {
          "ix": 3.0514498883827895e-07,
          "iy": 3.0514498883827895e-07,
          "iz": 8.41779279553873e-08
        },
        "center_mm": {
          "x": 0.0,
          "y": 0.0,
          "z": 10.0
        }
      },
      "feature_report": {
        "requested": 0,
        "applied": [],
        "failed": []
      }
    }
  ]
}