{
  "parts": [
    {
      "id": "p-eb",
      "name": "HeavyBlock",
      "kind": "mechanical",
      "dimensions_mm": {
        "width": 465.0,
        "height": 340.0,
        "depth": 220.0,
        "bore": 86.0,
        "cylinders": 4.0
      },
      "transform_mm": {
        "x": 0.0,
        "y": 0.0,
        "z": 0.0
      },
      "bbox_mm": {
        "x": 465.0,
        "y": 220.0,
        "z": 295.80000010000003
      },
      "kernel_metrics": {
        "material": "titanium_ti6al4v",
        "density_kg_m3": 4500.0,
        "volume_mm3": 14466408.072649151,
        "surface_area_mm2": 1391817.0903778153,
        "mass_proxy_kg": 65.09883632692119,
        "bbox_fill_ratio": 0.47806495458274906,
        "thin_wall_proxy_mm": 20.78780059917525,
        "inertia_proxy_kg_m2": {
          "ix": 0.7372315189521754,
          "iy": 1.6476658694993047,
          "iz": 1.4355649635842933
        },
        "center_mm": {
          "x": 0.0,
          "y": 0.0,
          "z": -5.100000049999991
        }
      },
      "feature_report": {
        "requested": 0,
        "applied": [],
        "failed": []
      }
    },
    {
      "id": "p-pcb",
      "name": "MainController",
      "kind": "electrical_pcb",
      "dimensions_mm": {
        "x": 120.0,
        "y": 80.0,
        "z": 1.6,
        "w": 120.0,
        "width": 120.0,
        "d": 80.0,
        "depth": 80.0,
        "h": 1.6,
        "height": 1.6,
        "length": 1.6,
        "L": 1.6,
        "diameter": 80.0,
        "dia": 80.0,
        "outer_diameter": 80.0,
        "outerD": 80.0,
        "thickness": 1.6
      },
      "transform_mm": {
        "x": 0.0,
        "y": 0.0,
        "z": 110.0
      },
      "bbox_mm": {
        "x": 120.0,
        "y": 80.0,
        "z": 1.5999999999999943
      },
      "kernel_metrics": {
        "material": "fr4",
        "density_kg_m3": 2700.0,
        "volume_mm3": 15334.264072981743,
        "surface_area_mm2": 19872.16990877276,
        "mass_proxy_kg": 0.0414025129970507,
        "bbox_fill_ratio": 0.9983244839180858,
        "thin_wall_proxy_mm": 1.5432903546393577,
        "inertia_proxy_kg_m2": {
          "ix": 2.2090172801199745e-05,
          "iy": 4.969184813256688e-05,
          "iz": 7.176435586155455e-05
        },
        "center_mm": {
          "x": 0.0,
          "y": 0.0,
          "z": 110.0
        }
      },
      "feature_report": {
        "requested": 0,
        "applied": [],
        "failed": []
      }
    }
  ]
}