{
  "parts": [
    {
      "id": "test-exhaust_manifold",
      "name": "Part-exhaust_manifold",
      "kind": "mechanical",
      "dimensions_mm": {
        "width": 340.0,
        "height": 110.0,
        "depth": 120.0,
        "runners": 4.0,
        "runner_diameter": 32.0
      },
      "transform_mm": {
        "x": 0.0,
        "y": 0.0,
        "z": 0.0
      },
      "bbox_mm": {
        "x": 343.4,
        "y": 105.60000000000001,
        "z": 66.28
      },
      "kernel_metrics": {
        "material": "steel",
        "density_kg_m3": 7850.0,
        "volume_mm3": 232782.5146689927,
        "surface_area_mm2": 76978.01676264453,
        "mass_proxy_kg": 1.8273427401515927,
        "bbox_fill_ratio": 0.09685089683938246,
        "thin_wall_proxy_mm": 6.048025773040079,
        "inertia_proxy_kg_m2": {
          "ix": 0.002367078630522003,
          "iy": 0.018626195673856493,
          "iz": 0.01965534316647063
        },
        "center_mm": {
          "x": 18.69999999999999,
          "y": -33.6,
          "z": -8.799999999999999
        }
      },
      "feature_report": {
        "requested": 0,
        "applied": [],
        "failed": []
      }
    }
  ]
}