{
  "parts": [
    {
      "id": "part-clutch_disc",
      "name": "Regression-clutch_disc",
      "kind": "mechanical",
      "dimensions_mm": {
        "outer_diameter": 240.0,
        "inner_diameter": 130.0,
        "thickness": 8.0,
        "hub_diameter": 26.0
      },
      "transform_mm": {
        "x": 0.0,
        "y": 0.0,
        "z": 0.0
      },
      "bbox_mm": {
        "x": 240.0,
        "y": 240.0,
        "z": 15.2
      },
      "kernel_metrics": {
        "material": "steel",
        "density_kg_m3": 7850.0,
        "volume_mm3": 286957.17332597973,
        "surface_area_mm2": 86479.34526312139,
        "mass_proxy_kg": 2.252613810608941,
        "bbox_fill_ratio": 0.3277562743580726,
        "thin_wall_proxy_mm": 6.636432606026006,
        "inertia_proxy_kg_m2": {
          "ix": 0.010855916615489842,
          "iy": 0.010855916615489842,
          "iz": 0.021625092581845834
        },
        "center_mm": {
          "x": 0.0,
          "y": 0.0,
          "z": 4.0
        }
      },
      "feature_report": {
        "requested": 0,
        "applied": [],
        "failed": []
      }
    }
  ]
}