{
  "parts": [
    {
      "id": "v-intake_manifold",
      "name": "V-intake_manifold",
      "kind": "mechanical",
      "dimensions_mm": {
        "width": 360.0,
        "height": 120.0,
        "depth": 140.0,
        "runners": 4.0
      },
      "transform_mm": {
        "x": 0.0,
        "y": 0.0,
        "z": 0.0
      },
      "bbox_mm": {
        "x": 338.4,
        "y": 121.8000001,
        "z": 79.2
      },
      "kernel_metrics": {
        "material": "steel",
        "density_kg_m3": 7850.0,
        "volume_mm3": 477922.81976689916,
        "surface_area_mm2": 110750.01772271672,
        "mass_proxy_kg": 3.7516941351701587,
        "bbox_fill_ratio": 0.14640467438060964,
        "thin_wall_proxy_mm": 8.63065902099389,
        "inertia_proxy_kg_m2": {
          "ix": 0.006599192474438897,
          "iy": 0.03776305248696874,
          "iz": 0.04044007384473535
        },
        "center_mm": {
          "x": 0.0,
          "y": -3.5000000500000006,
          "z": 14.399999999999999
        }
      },
      "feature_report": {
        "requested": 0,
        "applied": [],
        "failed": []
      }
    }
  ]
}