{
  "parts": [
    {
      "id": "eb-metrics",
      "name": "EB-Metrics",
      "kind": "mechanical",
      "dimensions_mm": {
        "width": 465.0,
        "height": 340.0,
        "depth": 220.0,
        "bore": 86.0,
        "cylinders": 4.0
      },
      "transform_mm": {
        "x": 0.0,
        "y": 0.0,
        "z": 0.0
      },
      "bbox_mm": {
        "x": 465.0,
        "y": 220.0,
        "z": 295.80000010000003
      },
      "kernel_metrics": {
        "material": "steel",
        "density_kg_m3": 7850.0,
        "volume_mm3": 14466408.072649151,
        "surface_area_mm2": 1391817.0903778153,
        "mass_proxy_kg": 113.56130337029585,
        "bbox_fill_ratio": 0.47806495458274906,
        "thin_wall_proxy_mm": 20.78780059917525,
        "inertia_proxy_kg_m2": {
          "ix": 1.2860594275054615,
          "iy": 2.874261572348787,
          "iz": 2.5042633253637114
        },
        "center_mm": {
          "x": 0.0,
          "y": 0.0,
          "z": -5.100000049999991
        }
      },
      "feature_report": {
        "requested": 0,
        "applied": [],
        "failed": []
      }
    }
  ]
}