{
  "parts": [
    {
      "id": "p-eb",
      "name": "V4Block",
      "kind": "mechanical",
      "dimensions_mm": {
        "width": 465.0,
        "height": 340.0,
        "depth": 220.0,
        "bore": 86.0,
        "cylinders": 4.0
      },
      "transform_mm": {
        "x": 0.0,
        "y": 0.0,
        "z": 0.0
      },
      "bbox_mm": {
        "x": 465.0,
        "y": 220.0,
        "z": 295.80000010000003
      },
      "kernel_metrics": {
        "material": "steel",
        "density_kg_m3": 7850.0,
        "volume_mm3": 14466408.072649151,
        "surface_area_mm2": 1391817.0903778153,
        "mass_proxy_kg": 113.56130337029585,
        "bbox_fill_ratio": 0.47806495458274906,
        "thin_wall_proxy_mm": 20.78780059917525,
        "inertia_proxy_kg_m2": {
          "ix": 1.2860594275054615,
          "iy": 2.874261572348787,
          "iz": 2.5042633253637114
        },
        "center_mm": {
          "x": 0.0,
          "y": 0.0,
          "z": -5.100000049999991
        }
      },
      "feature_report": {
        "requested": 0,
        "applied": [],
        "failed": []
      }
    },
    {
      "id": "p-pcb",
      "name": "Controller",
      "kind": "electrical_pcb",
      "dimensions_mm": {
        "x": 120.0,
        "y": 80.0,
        "z": 1.6,
        "w": 120.0,
        "width": 120.0,
        "d": 80.0,
        "depth": 80.0,
        "h": 1.6,
        "height": 1.6,
        "length": 1.6,
        "L": 1.6,
        "diameter": 80.0,
        "dia": 80.0,
        "outer_diameter": 80.0,
        "outerD": 80.0,
        "thickness": 1.6
      },
      "transform_mm": {
        "x": 0.0,
        "y": 0.0,
        "z": 100.0
      },
      "bbox_mm": {
        "x": 120.0,
        "y": 80.0,
        "z": 1.5999999999999943
      },
      "kernel_metrics": {
        "material": "steel",
        "density_kg_m3": 7850.0,
        "volume_mm3": 15334.264072981736,
        "surface_area_mm2": 19872.16990877276,
        "mass_proxy_kg": 0.12037397297290663,
        "bbox_fill_ratio": 0.9983244839180853,
        "thin_wall_proxy_mm": 1.5432903546393568,
        "inertia_proxy_kg_m2": {
          "ix": 6.422513203311776e-05,
          "iy": 0.00014447444734838884,
          "iz": 0.0002086482198197048
        },
        "center_mm": {
          "x": 0.0,
          "y": 0.0,
          "z": 100.0
        }
      },
      "feature_report": {
        "requested": 0,
        "applied": [],
        "failed": []
      }
    }
  ]
}