{
  "parts": [
    {
      "id": "test-oil_pump",
      "name": "Part-oil_pump",
      "kind": "mechanical",
      "dimensions_mm": {
        "outer_diameter": 110.0,
        "thickness": 36.0,
        "inner_rotor_diameter": 46.0,
        "outer_rotor_diameter": 72.0
      },
      "transform_mm": {
        "x": 0.0,
        "y": 0.0,
        "z": 0.0
      },
      "bbox_mm": {
        "x": 110.0,
        "y": 110.0,
        "z": 36.0000001
      },
      "kernel_metrics": {
        "material": "steel",
        "density_kg_m3": 7850.0,
        "volume_mm3": 234800.05940289647,
        "surface_area_mm2": 48752.89894570053,
        "mass_proxy_kg": 1.8431804663127374,
        "bbox_fill_ratio": 0.53902676480871,
        "thin_wall_proxy_mm": 9.63225016278148,
        "inertia_proxy_kg_m2": {
          "ix": 0.002057603794999694,
          "iy": 0.002057603794999694,
          "iz": 0.0037170806070640204
        },
        "center_mm": {
          "x": 0.0,
          "y": 0.0,
          "z": 17.99999995
        }
      },
      "feature_report": {
        "requested": 0,
        "applied": [],
        "failed": []
      }
    }
  ]
}